{
  "raw_ecu_core": [
    -2088.8735508398645,
    1434.8821552200561
  ],
  "raw_ecu_fuel": [
    -2429.066186061292,
    1359.4294759383156
  ],
  "raw_ecu_spark": [
    -2106.9924420847647,
    1253.4792853462907
  ],
  "raw_ecu_ego_afv": [
    -961.906297894746,
    1667.9964561896975
  ],
  "raw_ecu_enrich": [
    -2121.3597612159956,
    1063.824009218334
  ],
  "raw_ecu_temp": [
    -1073.221192156568,
    506.18351782261493
  ],
  "raw_ecu_batt": [
    -987.6233405421823,
    -47.6712046080296
  ],
  "raw_ecu_o2adc": [
    -2523.6925576208027,
    976.259733023866
  ],
  "raw_ecu_flags": [
    -1065.7823102370676,
    687.1455494894102
  ],
  "raw_ecu_diag": [
    -2441.285380150691,
    814.5061520745533
  ],
  "raw_ecu_dirty_bytes": [
    -2103.716452372315,
    740.1188983676317
  ],
  "raw_gps": [
    -1052.6721379492271,
    299.1677976353264
  ],
  "raw_env_baro": [
    -1028.402142526977,
    2366.8120840901474
  ],
  "raw_env_humidity": [
    -2130.1501960899363,
    897.5031584728013
  ],
  "raw_sys_health": [
    -2460.164157964393,
    1157.1311951372002
  ],
  "raw_imu": [
    -944.4701799338114,
    1961.042485350386
  ],
  "ride_csv": [
    -45.57371604084403,
    1219.2634958815675
  ],
  "ride_summary_json": [
    2013.1269763395842,
    945.9882630292549
  ],
  "session_metadata_json": [
    6295.950004462727,
    1910.972681546574
  ],
  "rider_notes_field": [
    8332.361612622797,
    2911.197140681469
  ],
  "ride_annotations_json": [
    687.6116942172226,
    3170.339711079469
  ],
  "eeprom_bin": [
    10227.878290510393,
    850.7285538660371
  ],
  "eeprom_decoded_json": [
    11090.47678929895,
    715.2428169601928
  ],
  "ride_errorlog_json": [
    771.3058827367728,
    1342.8794697354015
  ],
  "tuning_report_json": [
    3812.449553919909,
    915.9717455329042
  ],
  "suggested_msq": [
    11803.036182764805,
    401.93206809038884
  ],
  "ride_f7events_json": [
    3651.6448790085888,
    1273.0782814446147
  ],
  "session_f7clusters_json": [
    5493.426939758017,
    1410.5357942153512
  ],
  "ride_vdyno_json": [
    5423.676963834692,
    2410.4385063255945
  ],
  "ride_vdyno_rows_json": [
    5443.0752532216375,
    2650.8708562879874
  ],
  "sessions_vs_cache": [
    7351.3727705694,
    987.6832179512835
  ],
  "slope_reference_json": [
    798.4357233106132,
    884.6005346545948
  ],
  "gear_profile_json": [
    1367.9541228168678,
    2491.7694601871913
  ],
  "burns_json": [
    11001.898907158697,
    1261.3196639217679
  ],
  "route_reference_json": [
    795.4133794583731,
    1501.5055369233878
  ],
  "live_json": [
    1943.658057678123,
    2246.828335658649
  ],
  "objectives_json": [
    2743.521244362595,
    763.4353248999173
  ],
  "fuel_consumption_cache": [
    737.8273033008388,
    1647.837294700586
  ],
  "cell_tracker": [
    804.7844621727068,
    1101.8352964206365
  ],
  "f7_event_detect": [
    2737.2170827885084,
    1345.7943888647826
  ],
  "f7_dtw_cluster": [
    4652.011996971216,
    1309.6165739635778
  ],
  "f7_cross_session_match": [
    6288.742521538652,
    1248.380412946409
  ],
  "f7_pilot_marked": [
    3780.642439979027,
    1901.3747117495946
  ],
  "vs_classify": [
    1950.8153278071318,
    552.4682424766473
  ],
  "vs_baro_normalize": [
    830.832731750306,
    1916.3278915583114
  ],
  "vs_cell_index": [
    4132.882015825899,
    253.7636180421427
  ],
  "vs_gap1_significance": [
    6039.191482736144,
    280.99420344207385
  ],
  "vs_gap5_convergence": [
    8167.010067690773,
    863.5070752553695
  ],
  "vs_merge_maps": [
    10950.437279779288,
    83.49112380848962
  ],
  "launch_detect": [
    1980.1398362915575,
    3026.7825641863506
  ],
  "launch_cluster": [
    3680.081883150078,
    2962.1527321225863
  ],
  "launch_cross_match": [
    4646.27520022029,
    2897.67769988309
  ],
  "vdyno_physics": [
    3028.604539646345,
    2569.0545190696885
  ],
  "vdyno_compare": [
    6295.612309215693,
    2535.58496477912
  ],
  "vdyno_fase_v4": [
    11001.509861877692,
    2359.3138702641786
  ],
  "gear_learner_fit": [
    678.7470364728039,
    2444.2978192138826
  ],
  "fase6_unified_proposal": [
    9685.164100915134,
    1689.8358983060468
  ],
  "ui_dashboard": [
    9326.994475763066,
    2306.8124932186092
  ],
  "ui_session_events": [
    7378.842360771081,
    1402.6221051178559
  ],
  "ui_sessions_vs": [
    8279.79530913172,
    1979.4171053116193
  ],
  "ui_tuner": [
    9670.358257417194,
    1357.7564734468672
  ],
  "ui_map_editor": [
    9241.8558248226,
    670.8169508253967
  ],
  "ui_sessions_launch": [
    5475.031423145049,
    2901.3213506837646
  ],
  "ui_launch_power": [
    7373.9785750565825,
    2752.3657289259554
  ],
  "ui_errorlog_viz": [
    1949.0556241266113,
    1583.4792370383268
  ],
  "ui_gps_analysis": [
    1384.967408304447,
    2058.1828234296454
  ],
  "ui_graf2": [
    1965.3778677092648,
    3459.626954604423
  ],
  "ui_fuel": [
    1938.8972195933043,
    1897.3309083093488
  ]
}