{
  "raw_ecu_core": [
    -2088.8735508398645,
    1434.8821552200561
  ],
  "raw_ecu_fuel": [
    -2429.066186061292,
    1359.4294759383156
  ],
  "raw_ecu_spark": [
    -2106.9924420847647,
    1253.4792853462907
  ],
  "raw_ecu_ego_afv": [
    -961.906297894746,
    1667.9964561896975
  ],
  "raw_ecu_enrich": [
    -2121.3597612159956,
    1063.824009218334
  ],
  "raw_ecu_temp": [
    -1073.221192156568,
    506.18351782261493
  ],
  "raw_ecu_batt": [
    -987.6233405421823,
    -47.6712046080296
  ],
  "raw_ecu_o2adc": [
    -2523.6925576208027,
    976.259733023866
  ],
  "raw_ecu_flags": [
    -1065.7823102370676,
    687.1455494894102
  ],
  "raw_ecu_diag": [
    -2441.285380150691,
    814.5061520745533
  ],
  "raw_ecu_dirty_bytes": [
    -2103.716452372315,
    740.1188983676317
  ],
  "raw_gps": [
    -1052.6721379492271,
    299.1677976353264
  ],
  "raw_env_baro": [
    -1028.402142526977,
    2366.8120840901474
  ],
  "raw_env_humidity": [
    -890.1501960899363,
    -342.49684152719874
  ],
  "raw_sys_health": [
    -2460.164157964393,
    1157.1311951372002
  ],
  "raw_imu": [
    -951.1368466004781,
    1801.042485350386
  ],
  "ride_csv": [
    -45.57371604084403,
    1219.2634958815675
  ],
  "ride_summary_json": [
    2026.4603096729177,
    1085.9882630292548
  ],
  "session_metadata_json": [
    8688.304731041793,
    2038.474584279504
  ],
  "rider_notes_field": [
    8657.01190308941,
    1860.4570075676977
  ],
  "ride_annotations_json": [
    1374.2783608838895,
    3123.6730444128025
  ],
  "eeprom_bin": [
    10227.878290510393,
    850.7285538660371
  ],
  "eeprom_decoded_json": [
    11223.810122632283,
    -338.09051637314064
  ],
  "ride_errorlog_json": [
    771.3058827367728,
    1342.8794697354015
  ],
  "tuning_report_json": [
    3919.1162205865753,
    -184.02825446709585
  ],
  "suggested_msq": [
    11843.352289706856,
    -713.8938127328041
  ],
  "ride_f7events_json": [
    3911.6448790085888,
    1279.7449481112815
  ],
  "session_f7clusters_json": [
    5525.792505912779,
    1863.6537203820176
  ],
  "ride_vdyno_json": [
    5397.010297168025,
    2683.771839658928
  ],
  "ride_vdyno_rows_json": [
    5416.408586554971,
    2464.2041896213204
  ],
  "sessions_vs_cache": [
    7289.612484708172,
    929.8561632790037
  ],
  "slope_reference_json": [
    798.4357233106132,
    884.6005346545948
  ],
  "gear_profile_json": [
    1341.287456150201,
    2725.1027935205243
  ],
  "burns_json": [
    11082.479797182681,
    1319.4596655418973
  ],
  "route_reference_json": [
    795.4133794583731,
    1501.5055369233878
  ],
  "live_json": [
    7370.32472434479,
    2993.4950023253155
  ],
  "objectives_json": [
    2610.1879110292616,
    1343.4353248999173
  ],
  "fuel_consumption_cache": [
    777.8273033008388,
    1954.5039613672527
  ],
  "cell_tracker": [
    804.7844621727068,
    1101.8352964206365
  ],
  "f7_event_detect": [
    3090.550416121842,
    1605.7943888647826
  ],
  "f7_dtw_cluster": [
    4652.011996971216,
    1309.6165739635778
  ],
  "f7_cross_session_match": [
    6350.1473066150575,
    1641.6709617413692
  ],
  "f7_pilot_marked": [
    3947.3091066456936,
    1901.3747117495946
  ],
  "vs_classify": [
    2017.4819944737985,
    625.8015758099807
  ],
  "vs_baro_normalize": [
    779.047825902687,
    2207.6179869511684
  ],
  "vs_cell_index": [
    3939.5486824925656,
    233.7636180421427
  ],
  "vs_gap1_significance": [
    6399.991569243614,
    406.65612828606993
  ],
  "vs_gap5_convergence": [
    8652.521107671233,
    1494.277998401699
  ],
  "vs_merge_maps": [
    10238.394824374525,
    148.22225611801338
  ],
  "launch_detect": [
    2966.806502958224,
    3066.7825641863506
  ],
  "launch_cluster": [
    3880.081883150078,
    3122.1527321225863
  ],
  "launch_cross_match": [
    5386.27520022029,
    3084.3443665497566
  ],
  "vdyno_physics": [
    4581.937872979678,
    2155.721185736355
  ],
  "vdyno_compare": [
    6388.945642549027,
    2868.9182981124536
  ],
  "vdyno_fase_v4": [
    11087.733700752251,
    2395.6186445271505
  ],
  "gear_learner_fit": [
    678.7470364728039,
    2444.2978192138826
  ],
  "fase6_unified_proposal": [
    9444.93590391838,
    1739.6749271760048
  ],
  "ui_dashboard": [
    9406.432561732505,
    2190.7886759709186
  ],
  "ui_session_events": [
    7385.509027437748,
    2709.2887717845224
  ],
  "ui_sessions_vs": [
    9460.439680193242,
    2719.1009496796823
  ],
  "ui_tuner": [
    10238.637347691003,
    1806.917481046867
  ],
  "ui_map_editor": [
    9737.59377344156,
    614.9591537979084
  ],
  "ui_sessions_launch": [
    8728.364756478384,
    3167.988017350431
  ],
  "ui_launch_power": [
    7360.6452417232495,
    2192.365728925955
  ],
  "ui_errorlog_viz": [
    1969.0556241266113,
    70.14590370499332
  ],
  "ui_gps_analysis": [
    2018.3007416377804,
    1858.1828234296454
  ],
  "ui_graf2": [
    2945.377867709265,
    3486.2936212710897
  ],
  "ui_fuel": [
    2018.8972195933043,
    2123.9975749760156
  ]
}