{
  "raw_ecu_core": [
    -2088.8735508398645,
    1434.8821552200561
  ],
  "raw_ecu_fuel": [
    -2429.066186061292,
    1359.4294759383156
  ],
  "raw_ecu_spark": [
    -2106.9924420847647,
    1253.4792853462907
  ],
  "raw_ecu_ego_afv": [
    -961.906297894746,
    1667.9964561896975
  ],
  "raw_ecu_enrich": [
    -2121.3597612159956,
    1063.824009218334
  ],
  "raw_ecu_temp": [
    -1066.5545254899012,
    306.18351782261493
  ],
  "raw_ecu_batt": [
    -1060.9566738755157,
    605.6621287253038
  ],
  "raw_ecu_o2adc": [
    -2523.6925576208027,
    976.259733023866
  ],
  "raw_ecu_flags": [
    -1065.7823102370676,
    440.4788828227435
  ],
  "raw_ecu_diag": [
    -2441.285380150691,
    814.5061520745533
  ],
  "raw_ecu_dirty_bytes": [
    -2103.716452372315,
    740.1188983676317
  ],
  "raw_gps": [
    -1052.6721379492271,
    119.1677976353264
  ],
  "raw_env_baro": [
    -684.7248146045259,
    2958.5663405392297
  ],
  "raw_env_humidity": [
    -2130.1501960899363,
    897.5031584728013
  ],
  "raw_sys_health": [
    -2460.164157964393,
    1157.1311951372002
  ],
  "raw_imu": [
    -944.4701799338114,
    1961.042485350386
  ],
  "ride_csv": [
    205.21620392060976,
    1048.2703686351217
  ],
  "ride_summary_json": [
    1943.7610769756925,
    961.1934018554517
  ],
  "session_metadata_json": [
    4571.556004491347,
    2004.942412878023
  ],
  "rider_notes_field": [
    5554.033089259761,
    700.2498317920516
  ],
  "ride_annotations_json": [
    318.50321782117237,
    3.6239037462943884
  ],
  "eeprom_bin": [
    7585.5124786712895,
    1037.478823064183
  ],
  "eeprom_decoded_json": [
    4984.6646008626185,
    75.94841111024238
  ],
  "ride_errorlog_json": [
    771.3058827367728,
    1342.8794697354015
  ],
  "tuning_report_json": [
    3765.185019504399,
    928.5756213770401
  ],
  "suggested_msq": [
    5017.412087279148,
    558.1888275317351
  ],
  "ride_f7events_json": [
    1985.076493674938,
    168.90588748331953
  ],
  "session_f7clusters_json": [
    2763.0706207276903,
    -25.30706207276905
  ],
  "ride_vdyno_json": [
    4570.693182456908,
    2425.953969001307
  ],
  "ride_vdyno_rows_json": [
    4592.219872115728,
    2870.6722826811124
  ],
  "sessions_vs_cache": [
    4621.18407723687,
    1064.7858681415223
  ],
  "slope_reference_json": [
    755.8923099387335,
    983.6861018721307
  ],
  "gear_profile_json": [
    1145.663057396488,
    1015.5287949595429
  ],
  "burns_json": [
    8394.513869133289,
    246.53106838486107
  ],
  "route_reference_json": [
    795.4133794583731,
    1501.5055369233878
  ],
  "live_json": [
    1943.658057678123,
    2246.828335658649
  ],
  "objectives_json": [
    2743.521244362595,
    763.4353248999173
  ],
  "fuel_consumption_cache": [
    737.8273033008388,
    1647.837294700586
  ],
  "cell_tracker": [
    804.7844621727068,
    1101.8352964206365
  ],
  "f7_event_detect": [
    1170,
    302
  ],
  "f7_dtw_cluster": [
    2772.4082802704347,
    149.08823956943297
  ],
  "f7_cross_session_match": [
    3603.815045328087,
    -158.88568368001037
  ],
  "f7_pilot_marked": [
    1347.3091066456939,
    -558.6252882504057
  ],
  "vs_classify": [
    1950.8153278071318,
    552.4682424766473
  ],
  "vs_baro_normalize": [
    811.9269179841021,
    2319.6519185706616
  ],
  "vs_cell_index": [
    2805.4516606857724,
    1390.7613271242913
  ],
  "vs_gap1_significance": [
    3772.059648202114,
    1572.2463264976382
  ],
  "vs_gap5_convergence": [
    5528.69843388832,
    1101.0347941519167
  ],
  "vs_merge_maps": [
    5493.353742436385,
    815.8836284011965
  ],
  "launch_detect": [
    1929.584199023245,
    3078.2734200427512
  ],
  "launch_cluster": [
    2876.4141850917827,
    3127.446088460817
  ],
  "launch_cross_match": [
    3688.7136876401937,
    2339.100150878034
  ],
  "vdyno_physics": [
    3691.416790294805,
    2906.041717466068
  ],
  "vdyno_compare": [
    5600.240258413481,
    2638.1808411269876
  ],
  "vdyno_fase_v4": [
    9229.944070467078,
    1323.0531019716182
  ],
  "gear_learner_fit": [
    783.479911622567,
    1222.357383078019
  ],
  "fase6_unified_proposal": [
    6555.317621279503,
    603.6645959014336
  ],
  "ui_dashboard": [
    6532.379468815353,
    1591.3388387739005
  ],
  "ui_session_events": [
    4587.808699082317,
    -206.42878233923255
  ],
  "ui_sessions_vs": [
    6502.895881382586,
    2249.394196133105
  ],
  "ui_tuner": [
    6518.623900026059,
    1024.5362232636867
  ],
  "ui_map_editor": [
    5717.57186029037,
    37.17548425509554
  ],
  "ui_sessions_launch": [
    4576.41425458043,
    1577.5772482677444
  ],
  "ui_launch_power": [
    6467.71500065042,
    2723.866874384881
  ],
  "ui_errorlog_viz": [
    1949.0556241266113,
    1583.4792370383268
  ],
  "ui_gps_analysis": [
    1933.7695362321488,
    2394.5074754446596
  ],
  "ui_graf2": [
    1952.0445343759316,
    1752.9602879377562
  ],
  "ui_fuel": [
    1938.8972195933043,
    1897.3309083093488
  ]
}